Ad Group,Keyword,Campaign,Criterion Type
sofas,sofas buy,SEM_Sofas,Exact
sofas,buy sofas,SEM_Sofas,Exact
sofas,sofas price,SEM_Sofas,Exact
sofas,price sofas,SEM_Sofas,Exact
sofas,sofas sale,SEM_Sofas,Exact
sofas,sale sofas,SEM_Sofas,Exact
sofas,sofas promotion,SEM_Sofas,Exact
sofas,promotion sofas,SEM_Sofas,Exact
sofas,sofas bargain,SEM_Sofas,Exact
sofas,bargain sofas,SEM_Sofas,Exact
sofas,sofas shop,SEM_Sofas,Exact
sofas,shop sofas,SEM_Sofas,Exact
convertible sofas,convertible sofas buy,SEM_Sofas,Exact
convertible sofas,buy convertible sofas,SEM_Sofas,Exact
convertible sofas,convertible sofas price,SEM_Sofas,Exact
convertible sofas,price convertible sofas,SEM_Sofas,Exact
convertible sofas,convertible sofas sale,SEM_Sofas,Exact
convertible sofas,sale convertible sofas,SEM_Sofas,Exact
convertible sofas,convertible sofas promotion,SEM_Sofas,Exact
convertible sofas,promotion convertible sofas,SEM_Sofas,Exact
convertible sofas,convertible sofas bargain,SEM_Sofas,Exact
convertible sofas,bargain convertible sofas,SEM_Sofas,Exact
convertible sofas,convertible sofas shop,SEM_Sofas,Exact
convertible sofas,shop convertible sofas,SEM_Sofas,Exact
love seats,love seats buy,SEM_Sofas,Exact
love seats,buy love seats,SEM_Sofas,Exact
love seats,love seats price,SEM_Sofas,Exact
love seats,price love seats,SEM_Sofas,Exact
love seats,love seats sale,SEM_Sofas,Exact
love seats,sale love seats,SEM_Sofas,Exact
love seats,love seats promotion,SEM_Sofas,Exact
love seats,promotion love seats,SEM_Sofas,Exact
love seats,love seats bargain,SEM_Sofas,Exact
love seats,bargain love seats,SEM_Sofas,Exact
love seats,love seats shop,SEM_Sofas,Exact
love seats,shop love seats,SEM_Sofas,Exact
recliners,recliners buy,SEM_Sofas,Exact
recliners,buy recliners,SEM_Sofas,Exact
recliners,recliners price,SEM_Sofas,Exact
recliners,price recliners,SEM_Sofas,Exact
recliners,recliners sale,SEM_Sofas,Exact
recliners,sale recliners,SEM_Sofas,Exact
recliners,recliners promotion,SEM_Sofas,Exact
recliners,promotion recliners,SEM_Sofas,Exact
recliners,recliners bargain,SEM_Sofas,Exact
recliners,bargain recliners,SEM_Sofas,Exact
recliners,recliners shop,SEM_Sofas,Exact
recliners,shop recliners,SEM_Sofas,Exact
sofa beds,sofa beds buy,SEM_Sofas,Exact
sofa beds,buy sofa beds,SEM_Sofas,Exact
sofa beds,sofa beds price,SEM_Sofas,Exact
sofa beds,price sofa beds,SEM_Sofas,Exact
sofa beds,sofa beds sale,SEM_Sofas,Exact
sofa beds,sale sofa beds,SEM_Sofas,Exact
sofa beds,sofa beds promotion,SEM_Sofas,Exact
sofa beds,promotion sofa beds,SEM_Sofas,Exact
sofa beds,sofa beds bargain,SEM_Sofas,Exact
sofa beds,bargain sofa beds,SEM_Sofas,Exact
sofa beds,sofa beds shop,SEM_Sofas,Exact
sofa beds,shop sofa beds,SEM_Sofas,Exact
sofas,sofas buy,SEM_Sofas,Phrase
sofas,buy sofas,SEM_Sofas,Phrase
sofas,sofas price,SEM_Sofas,Phrase
sofas,price sofas,SEM_Sofas,Phrase
sofas,sofas sale,SEM_Sofas,Phrase
sofas,sale sofas,SEM_Sofas,Phrase
sofas,sofas promotion,SEM_Sofas,Phrase
sofas,promotion sofas,SEM_Sofas,Phrase
sofas,sofas bargain,SEM_Sofas,Phrase
sofas,bargain sofas,SEM_Sofas,Phrase
sofas,sofas shop,SEM_Sofas,Phrase
sofas,shop sofas,SEM_Sofas,Phrase
convertible sofas,convertible sofas buy,SEM_Sofas,Phrase
convertible sofas,buy convertible sofas,SEM_Sofas,Phrase
convertible sofas,convertible sofas price,SEM_Sofas,Phrase
convertible sofas,price convertible sofas,SEM_Sofas,Phrase
convertible sofas,convertible sofas sale,SEM_Sofas,Phrase
convertible sofas,sale convertible sofas,SEM_Sofas,Phrase
convertible sofas,convertible sofas promotion,SEM_Sofas,Phrase
convertible sofas,promotion convertible sofas,SEM_Sofas,Phrase
convertible sofas,convertible sofas bargain,SEM_Sofas,Phrase
convertible sofas,bargain convertible sofas,SEM_Sofas,Phrase
convertible sofas,convertible sofas shop,SEM_Sofas,Phrase
convertible sofas,shop convertible sofas,SEM_Sofas,Phrase
love seats,love seats buy,SEM_Sofas,Phrase
love seats,buy love seats,SEM_Sofas,Phrase
love seats,love seats price,SEM_Sofas,Phrase
love seats,price love seats,SEM_Sofas,Phrase
love seats,love seats sale,SEM_Sofas,Phrase
love seats,sale love seats,SEM_Sofas,Phrase
love seats,love seats promotion,SEM_Sofas,Phrase
love seats,promotion love seats,SEM_Sofas,Phrase
love seats,love seats bargain,SEM_Sofas,Phrase
love seats,bargain love seats,SEM_Sofas,Phrase
love seats,love seats shop,SEM_Sofas,Phrase
love seats,shop love seats,SEM_Sofas,Phrase
recliners,recliners buy,SEM_Sofas,Phrase
recliners,buy recliners,SEM_Sofas,Phrase
recliners,recliners price,SEM_Sofas,Phrase
recliners,price recliners,SEM_Sofas,Phrase
recliners,recliners sale,SEM_Sofas,Phrase
recliners,sale recliners,SEM_Sofas,Phrase
recliners,recliners promotion,SEM_Sofas,Phrase
recliners,promotion recliners,SEM_Sofas,Phrase
recliners,recliners bargain,SEM_Sofas,Phrase
recliners,bargain recliners,SEM_Sofas,Phrase
recliners,recliners shop,SEM_Sofas,Phrase
recliners,shop recliners,SEM_Sofas,Phrase
sofa beds,sofa beds buy,SEM_Sofas,Phrase
sofa beds,buy sofa beds,SEM_Sofas,Phrase
sofa beds,sofa beds price,SEM_Sofas,Phrase
sofa beds,price sofa beds,SEM_Sofas,Phrase
sofa beds,sofa beds sale,SEM_Sofas,Phrase
sofa beds,sale sofa beds,SEM_Sofas,Phrase
sofa beds,sofa beds promotion,SEM_Sofas,Phrase
sofa beds,promotion sofa beds,SEM_Sofas,Phrase
sofa beds,sofa beds bargain,SEM_Sofas,Phrase
sofa beds,bargain sofa beds,SEM_Sofas,Phrase
sofa beds,sofa beds shop,SEM_Sofas,Phrase
sofa beds,shop sofa beds,SEM_Sofas,Phrase
